<?xml version="1.0" encoding="UTF-8"?>
<project-private xmlns="http://www.netbeans.org/ns/project-private/1">
    <editor-bookmarks xmlns="http://www.netbeans.org/ns/editor-bookmarks/2" lastBookmarkId="0"/>
    <open-files xmlns="http://www.netbeans.org/ns/projectui-open-files/2">
        <group>
            <file>file:/C:/Users/mende/Documents/NetBeansProjects/ProyectoOdraudeMendezAguirre/src/DoblementeEnlazadaInterfaz/VentanaPrincipalDoble.java</file>
            <file>file:/C:/Users/mende/Documents/NetBeansProjects/ProyectoOdraudeMendezAguirre/src/CSimplementeEnlazadaInterfaz/VentanaPrincipalCSimple.java</file>
            <file>file:/C:/Users/mende/Documents/NetBeansProjects/ProyectoOdraudeMendezAguirre/src/CDoblementeEnlazadaInterfaz/VentanaPrincipalCDoble.java</file>
            <file>file:/C:/Users/mende/Documents/NetBeansProjects/ProyectoOdraudeMendezAguirre/src/SimplementeEnlazadaInterfaz/VentanaPrincipalSimple.java</file>
            <file>file:/C:/Users/mende/Documents/NetBeansProjects/ProyectoOdraudeMendezAguirre/src/PilaInterfaz/VentanaPila.java</file>
            <file>file:/C:/Users/mende/Documents/NetBeansProjects/ProyectoOdraudeMendezAguirre/src/Cerebro/Cerebro.java</file>
        </group>
    </open-files>
</project-private>
